"dataset","u","root","conf.1","conf.2","conf.3","conf.4"
"NS5A_1a",0.000955799594511482,1893.42448625775,1112.82173330314,3195.69389573907,1915.55405851676,1856.50600898011
