"dataset","u","root","conf.1","conf.2","conf.3","conf.4"
"NS5A_1b",0.00103827088634559,1905.99175728243,1046.61034150599,3439.3082596005,1927.63698620516,1867.37213380162
