"dataset","u","root","conf.1","conf.2","conf.3","conf.4"
"NS5B_1a",0.000740952659626173,1913.25594658048,1134.56926382825,3205.80989292962,1931.30931061761,1883.28889121926
