"dataset","u","root","conf.1","conf.2","conf.3","conf.4"
"NS5B_1b",0.00089159924165457,1903.49443790521,943.70602601424,3789.81089718507,1928.31725794567,1854.70900412839
